Year,Prefecture,Total,Young,Adult,Aging,
1970,北海道,5184,1309,3576,299,
1970,青森県,1428,397,940,90,
1970,岩手県,1371,362,909,100,
1970,宮城県,1819,449,1245,126,
1970,秋田県,1241,303,848,91,
1970,山形県,1226,288,833,105,
1970,福島県,1946,508,1283,155,
1970,茨城県,2144,534,1440,169,
1970,栃木県,1580,389,1070,121,
1970,群馬県,1659,397,1131,131,
1970,埼玉県,3866,1003,2665,199,
1970,千葉県,3367,846,2310,211,
1970,東京都,11408,2401,8417,591,
1970,神奈川県,5472,1302,3915,256,
1970,新潟県,2361,573,1597,190,
1970,富山県,1030,230,717,83,
1970,石川県,1002,235,685,82,
1970,福井県,744,178,499,67,
1970,山梨県,762,188,505,68,
1970,長野県,1957,450,1324,184,
1970,岐阜県,1759,427,1194,138,
1970,静岡県,3090,765,2106,218,
1970,愛知県,5386,1310,3769,308,
1970,三重県,1543,360,1044,138,
1970,滋賀県,890,205,605,79,
1970,京都府,2250,484,1588,178,
1970,大阪府,7620,1821,5406,394,
1970,兵庫県,4668,1097,3247,324,
1970,奈良県,930,213,643,74,
1970,和歌山県,1043,243,703,96,
1970,鳥取県,569,132,380,57,
1970,島根県,774,178,508,87,
1970,岡山県,1707,385,1156,166,
1970,広島県,2436,559,1677,201,
1970,山口県,1511,348,1026,137,
1970,徳島県,791,184,531,76,
1970,香川県,908,201,620,87,
1970,愛媛県,1418,343,942,133,
1970,高知県,787,172,525,90,
1970,福岡県,4027,943,2792,293,
1970,佐賀県,838,215,546,78,
1970,長崎県,1570,439,1002,129,
1970,熊本県,1700,430,1111,160,
1970,大分県,1156,280,766,110,
1970,宮崎県,1051,278,684,89,
1970,鹿児島県,1729,469,1086,174,
1970,沖縄県,0,0,0,0,
1971,北海道,5188,1302,3577,309,
1971,青森県,1428,396,939,93,
1971,岩手県,1364,356,905,103,
1971,宮城県,1837,449,1260,129,
1971,秋田県,1232,296,843,93,
1971,山形県,1218,281,830,107,
1971,福島県,1941,501,1283,157,
1971,茨城県,2180,540,1467,173,
1971,栃木県,1604,394,1087,124,
1971,群馬県,1676,402,1140,134,
1971,埼玉県,4063,1068,2788,206,
1971,千葉県,3520,896,2406,218,
1971,東京都,11472,2415,8451,607,
1971,神奈川県,5694,1369,4058,267,
1971,新潟県,2356,567,1593,195,
1971,富山県,1036,232,718,86,
1971,石川県,1011,239,688,84,
1971,福井県,747,178,501,68,
1971,山梨県,764,187,507,70,
1971,長野県,1966,453,1326,188,
1971,岐阜県,1778,434,1203,141,
1971,静岡県,3139,778,2136,224,
1971,愛知県,5520,1357,3846,317,
1971,三重県,1557,365,1050,141,
1971,滋賀県,908,211,616,81,
1971,京都府,2276,495,1598,183,
1971,大阪府,7789,1884,5496,409,
1971,兵庫県,4735,1121,3280,333,
1971,奈良県,959,221,661,77,
1971,和歌山県,1047,246,703,98,
1971,鳥取県,568,130,381,57,
1971,島根県,767,174,505,88,
1971,岡山県,1731,391,1169,170,
1971,広島県,2478,572,1701,205,
1971,山口県,1513,348,1025,140,
1971,徳島県,789,180,532,77,
1971,香川県,915,202,625,89,
1971,愛媛県,1420,344,940,136,
1971,高知県,785,172,522,91,
1971,福岡県,4052,948,2802,302,
1971,佐賀県,831,212,539,80,
1971,長崎県,1559,429,999,131,
1971,熊本県,1685,422,1098,165,
1971,大分県,1161,280,769,112,
1971,宮崎県,1046,275,680,91,
1971,鹿児島県,1708,456,1075,178,
1971,沖縄県,0,0,0,0,
1972,北海道,5205,1302,3580,323,
1972,青森県,1432,396,939,97,
1972,岩手県,1361,353,902,106,
1972,宮城県,1856,451,1273,133,
1972,秋田県,1228,290,841,97,
1972,山形県,1214,276,826,111,
1972,福島県,1941,497,1282,162,
1972,茨城県,2208,546,1484,178,
1972,栃木県,1625,401,1097,127,
1972,群馬県,1696,411,1146,138,
1972,埼玉県,4268,1141,2910,217,
1972,千葉県,3670,950,2494,228,
1972,東京都,11531,2433,8465,632,
1972,神奈川県,5896,1439,4175,282,
1972,新潟県,2355,564,1587,204,
1972,富山県,1044,236,718,90,
1972,石川県,1022,245,690,87,
1972,福井県,752,179,502,70,
1972,山梨県,767,187,508,72,
1972,長野県,1976,459,1324,194,
1972,岐阜県,1799,443,1211,145,
1972,静岡県,3182,793,2156,232,
1972,愛知県,5638,1408,3900,330,
1972,三重県,1574,373,1055,145,
1972,滋賀県,924,218,622,83,
1972,京都府,2312,510,1612,190,
1972,大阪府,7945,1953,5561,431,
1972,兵庫県,4806,1152,3307,347,
1972,奈良県,992,232,680,81,
1972,和歌山県,1053,249,703,102,
1972,鳥取県,569,129,382,59,
1972,島根県,764,172,503,89,
1972,岡山県,1749,398,1175,175,
1972,広島県,2525,591,1722,212,
1972,山口県,1519,351,1024,144,
1972,徳島県,789,178,532,79,
1972,香川県,924,205,628,91,
1972,愛媛県,1425,349,937,140,
1972,高知県,788,174,521,93,
1972,福岡県,4082,960,2807,314,
1972,佐賀県,826,211,532,83,
1972,長崎県,1551,422,993,135,
1972,熊本県,1678,417,1092,169,
1972,大分県,1161,283,763,115,
1972,宮崎県,1047,275,678,94,
1972,鹿児島県,1696,446,1067,183,
1972,沖縄県,969,324,578,68,
1973,北海道,5232,1308,3588,336,
1973,青森県,1437,397,941,99,
1973,岩手県,1361,350,901,110,
1973,宮城県,1883,456,1289,138,
1973,秋田県,1223,286,837,100,
1973,山形県,1212,272,825,115,
1973,福島県,1945,495,1282,168,
1973,茨城県,2246,559,1504,183,
1973,栃木県,1651,410,1109,131,
1973,群馬県,1719,421,1155,143,
1973,埼玉県,4474,1215,3032,228,
1973,千葉県,3833,1005,2588,239,
1973,東京都,11534,2439,8440,656,
1973,神奈川県,6072,1503,4273,297,
1973,新潟県,2359,563,1584,212,
1973,富山県,1053,240,719,93,
1973,石川県,1035,250,695,90,
1973,福井県,758,181,504,72,
1973,山梨県,770,187,509,74,
1973,長野県,1990,466,1324,201,
1973,岐阜県,1821,452,1220,149,
1973,静岡県,3231,810,2181,241,
1973,愛知県,5751,1454,3955,342,
1973,三重県,1591,381,1061,149,
1973,滋賀県,943,225,631,86,
1973,京都府,2348,524,1627,197,
1973,大阪府,8059,2006,5603,451,
1973,兵庫県,4872,1179,3333,360,
1973,奈良県,1028,244,700,85,
1973,和歌山県,1059,252,702,105,
1973,鳥取県,572,129,383,61,
1973,島根県,764,171,502,91,
1973,岡山県,1767,405,1182,180,
1973,広島県,2571,608,1744,219,
1973,山口県,1524,353,1024,148,
1973,徳島県,791,177,533,81,
1973,香川県,935,208,633,94,
1973,愛媛県,1431,353,935,143,
1973,高知県,791,177,519,95,
1973,福岡県,4125,974,2824,327,
1973,佐賀県,824,210,528,85,
1973,長崎県,1546,415,991,139,
1973,熊本県,1677,414,1089,174,
1973,大分県,1163,285,759,118,
1973,宮崎県,1052,276,679,97,
1973,鹿児島県,1693,440,1067,187,
1973,沖縄県,993,323,600,70,
1974,北海道,5279,1316,3611,352,
1974,青森県,1444,397,945,103,
1974,岩手県,1364,349,902,114,
1974,宮城県,1913,462,1308,144,
1974,秋田県,1222,282,836,104,
1974,山形県,1213,269,824,119,
1974,福島県,1955,494,1287,173,
1974,茨城県,2290,569,1531,189,
1974,栃木県,1676,419,1122,135,
1974,群馬県,1742,431,1162,149,
1974,埼玉県,4655,1277,3137,240,
1974,千葉県,3991,1056,2685,250,
1974,東京都,11519,2430,8409,680,
1974,神奈川県,6225,1554,4357,314,
1974,新潟県,2369,563,1586,220,
1974,富山県,1062,244,721,97,
1974,石川県,1049,255,700,93,
1974,福井県,764,182,508,74,
1974,山梨県,775,188,511,77,
1974,長野県,2005,474,1324,208,
1974,岐阜県,1842,460,1229,154,
1974,静岡県,3275,823,2201,250,
1974,愛知県,5847,1492,3998,357,
1974,三重県,1609,387,1068,154,
1974,滋賀県,965,233,643,89,
1974,京都府,2374,534,1637,203,
1974,大阪府,8160,2049,5640,471,
1974,兵庫県,4932,1200,3358,374,
1974,奈良県,1055,253,713,89,
1974,和歌山県,1064,254,702,109,
1974,鳥取県,575,129,384,62,
1974,島根県,765,170,502,93,
1974,岡山県,1788,412,1191,186,
1974,広島県,2607,623,1758,225,
1974,山口県,1532,355,1026,152,
1974,徳島県,792,175,534,83,
1974,香川県,947,211,639,97,
1974,愛媛県,1440,358,937,146,
1974,高知県,793,178,519,96,
1974,福岡県,4173,988,2845,339,
1974,佐賀県,826,210,528,88,
1974,長崎県,1550,410,997,143,
1974,熊本県,1685,413,1094,178,
1974,大分県,1169,287,761,121,
1974,宮崎県,1064,279,684,101,
1974,鹿児島県,1693,434,1067,191,
1974,沖縄県,1019,323,623,73,
1975,北海道,5338,1313,3659,367,
1975,青森県,1469,380,978,111,
1975,岩手県,1386,338,929,118,
1975,宮城県,1955,461,1344,150,
1975,秋田県,1232,274,849,109,
1975,山形県,1220,266,831,123,
1975,福島県,1971,474,1316,180,
1975,茨城県,2342,580,1566,196,
1975,栃木県,1698,414,1143,141,
1975,群馬県,1756,428,1174,154,
1975,埼玉県,4821,1341,3224,256,
1975,千葉県,4149,1100,2787,261,
1975,東京都,11674,2568,8372,733,
1975,神奈川県,6398,1633,4427,338,
1975,新潟県,2392,557,1606,229,
1975,富山県,1071,246,723,101,
1975,石川県,1070,258,714,98,
1975,福井県,774,183,513,78,
1975,山梨県,783,187,516,80,
1975,長野県,2018,464,1338,215,
1975,岐阜県,1868,463,1245,160,
1975,静岡県,3309,825,2223,261,
1975,愛知県,5924,1537,4011,376,
1975,三重県,1626,386,1080,160,
1975,滋賀県,986,238,655,92,
1975,京都府,2425,560,1647,217,
1975,大阪府,8279,2122,5656,501,
1975,兵庫県,4992,1225,3371,396,
1975,奈良県,1077,261,724,92,
1975,和歌山県,1072,252,709,112,
1975,鳥取県,581,128,388,65,
1975,島根県,769,168,505,96,
1975,岡山県,1814,417,1204,193,
1975,広島県,2646,633,1778,235,
1975,山口県,1555,356,1041,158,
1975,徳島県,805,178,541,87,
1975,香川県,961,214,646,101,
1975,愛媛県,1465,344,969,152,
1975,高知県,808,173,536,99,
1975,福岡県,4293,1003,2935,355,
1975,佐賀県,838,202,545,90,
1975,長崎県,1572,404,1019,149,
1975,熊本県,1715,397,1135,183,
1975,大分県,1190,275,790,126,
1975,宮崎県,1085,266,716,103,
1975,鹿児島県,1724,410,1115,199,
1975,沖縄県,1043,327,643,73,
1976,北海道,5394,1309,3699,386,
1976,青森県,1483,374,992,116,
1976,岩手県,1394,332,939,124,
1976,宮城県,1982,464,1363,156,
1976,秋田県,1238,268,857,114,
1976,山形県,1226,265,833,128,
1976,福島県,1982,465,1331,187,
1976,茨城県,2378,585,1590,202,
1976,栃木県,1715,416,1154,145,
1976,群馬県,1776,431,1186,160,
1976,埼玉県,4962,1387,3308,267,
1976,千葉県,4264,1133,2858,273,
1976,東京都,11664,2605,8292,767,
1976,神奈川県,6504,1675,4474,355,
1976,新潟県,2405,558,1609,238,
1976,富山県,1079,249,724,105,
1976,石川県,1082,262,718,102,
1976,福井県,780,183,515,81,
1976,山梨県,786,187,517,82,
1976,長野県,2032,468,1342,223,
1976,岐阜県,1889,467,1256,166,
1976,静岡県,3340,828,2241,270,
1976,愛知県,5989,1570,4030,389,
1976,三重県,1638,387,1087,164,
1976,滋賀県,1006,245,666,94,
1976,京都府,2452,575,1652,225,
1976,大阪府,8341,2156,5662,523,
1976,兵庫県,5034,1239,3385,410,
1976,奈良県,1100,269,736,95,
1976,和歌山県,1078,250,713,115,
1976,鳥取県,586,129,390,67,
1976,島根県,771,168,506,98,
1976,岡山県,1830,423,1208,199,
1976,広島県,2671,642,1786,243,
1976,山口県,1566,358,1045,163,
1976,徳島県,809,178,543,88,
1976,香川県,971,218,649,105,
1976,愛媛県,1476,341,978,156,
1976,高知県,814,172,541,101,
1976,福岡県,4359,1018,2970,370,
1976,佐賀県,842,199,550,93,
1976,長崎県,1577,400,1024,153,
1976,熊本県,1731,392,1151,188,
1976,大分県,1200,273,798,129,
1976,宮崎県,1100,263,730,107,
1976,鹿児島県,1734,396,1133,205,
1976,沖縄県,1059,322,662,75,
1977,北海道,5442,1302,3734,406,
1977,青森県,1494,369,1004,121,
1977,岩手県,1399,325,946,128,
1977,宮城県,2006,467,1378,161,
1977,秋田県,1243,263,861,119,
1977,山形県,1231,264,835,132,
1977,福島県,1995,459,1343,193,
1977,茨城県,2414,591,1615,208,
1977,栃木県,1732,419,1165,149,
1977,群馬県,1795,433,1197,166,
1977,埼玉県,5087,1420,3389,278,
1977,千葉県,4377,1160,2934,283,
1977,東京都,11649,2621,8224,804,
1977,神奈川県,6604,1706,4525,373,
1977,新潟県,2416,559,1610,247,
1977,富山県,1085,251,725,110,
1977,石川県,1091,264,722,105,
1977,福井県,784,184,517,84,
1977,山梨県,790,186,519,85,
1977,長野県,2047,470,1346,231,
1977,岐阜県,1910,470,1268,172,
1977,静岡県,3367,829,2258,280,
1977,愛知県,6054,1592,4059,404,
1977,三重県,1650,387,1094,169,
1977,滋賀県,1026,251,678,97,
1977,京都府,2476,585,1656,235,
1977,大阪府,8394,2170,5678,546,
1977,兵庫県,5073,1245,3400,428,
1977,奈良県,1128,277,753,99,
1977,和歌山県,1083,247,716,119,
1977,鳥取県,590,129,392,69,
1977,島根県,775,167,508,100,
1977,岡山県,1841,425,1211,205,
1977,広島県,2692,648,1792,253,
1977,山口県,1575,359,1048,169,
1977,徳島県,813,177,545,91,
1977,香川県,980,220,652,109,
1977,愛媛県,1486,339,986,161,
1977,高知県,818,171,544,103,
1977,福岡県,4422,1030,3003,388,
1977,佐賀県,847,197,554,96,
1977,長崎県,1584,397,1029,157,
1977,熊本県,1747,387,1165,195,
1977,大分県,1207,271,804,133,
1977,宮崎県,1114,262,742,111,
1977,鹿児島県,1745,388,1146,212,
1977,沖縄県,1072,318,678,77,
1978,北海道,5488,1293,3769,425,
1978,青森県,1505,364,1014,127,
1978,岩手県,1405,320,952,134,
1978,宮城県,2028,469,1392,167,
1978,秋田県,1247,259,865,124,
1978,山形県,1236,263,836,137,
1978,福島県,2006,454,1353,200,
1978,茨城県,2457,597,1645,215,
1978,栃木県,1748,420,1175,152,
1978,群馬県,1812,434,1206,171,
1978,埼玉県,5202,1442,3470,289,
1978,千葉県,4501,1185,3022,294,
1978,東京都,11628,2619,8169,840,
1978,神奈川県,6711,1729,4590,393,
1978,新潟県,2426,558,1613,256,
1978,富山県,1092,251,726,114,
1978,石川県,1100,266,725,110,
1978,福井県,788,183,518,87,
1978,山梨県,792,185,520,88,
1978,長野県,2060,471,1351,238,
1978,岐阜県,1928,470,1280,178,
1978,静岡県,3394,828,2277,289,
1978,愛知県,6119,1604,4094,420,
1978,三重県,1662,385,1102,175,
1978,滋賀県,1044,256,688,100,
1978,京都府,2496,591,1663,242,
1978,大阪府,8443,2170,5705,568,
1978,兵庫県,5108,1245,3418,445,
1978,奈良県,1158,284,772,103,
1978,和歌山県,1087,245,720,122,
1978,鳥取県,594,130,393,71,
1978,島根県,779,167,509,103,
1978,岡山県,1853,426,1215,212,
1978,広島県,2708,650,1796,262,
1978,山口県,1583,359,1050,174,
1978,徳島県,817,176,547,94,
1978,香川県,988,222,653,112,
1978,愛媛県,1493,336,992,165,
1978,高知県,823,169,548,106,
1978,福岡県,4476,1039,3032,405,
1978,佐賀県,852,195,558,100,
1978,長崎県,1590,393,1034,162,
1978,熊本県,1762,383,1177,202,
1978,大分県,1215,269,809,137,
1978,宮崎県,1127,260,752,115,
1978,鹿児島県,1757,380,1159,219,
1978,沖縄県,1083,312,691,79,
1979,北海道,5532,1283,3803,446,
1979,青森県,1514,358,1024,132,
1979,岩手県,1411,314,958,138,
1979,宮城県,2054,472,1408,173,
1979,秋田県,1251,255,867,128,
1979,山形県,1241,262,837,142,
1979,福島県,2015,450,1359,207,
1979,茨城県,2503,603,1676,224,
1979,栃木県,1768,422,1188,157,
1979,群馬県,1826,433,1215,177,
1979,埼玉県,5309,1454,3554,301,
1979,千葉県,4617,1202,3108,306,
1979,東京都,11596,2597,8123,876,
1979,神奈川県,6809,1740,4655,414,
1979,新潟県,2437,555,1616,266,
1979,富山県,1098,251,727,120,
1979,石川県,1110,266,730,114,
1979,福井県,792,182,520,90,
1979,山梨県,795,183,521,91,
1979,長野県,2071,470,1355,247,
1979,岐阜県,1945,469,1291,185,
1979,静岡県,3420,824,2295,301,
1979,愛知県,6176,1608,4131,437,
1979,三重県,1674,383,1110,181,
1979,滋賀県,1063,260,699,103,
1979,京都府,2515,593,1672,250,
1979,大阪府,8487,2157,5741,589,
1979,兵庫県,5139,1239,3438,462,
1979,奈良県,1190,289,793,108,
1979,和歌山県,1090,241,724,126,
1979,鳥取県,599,130,396,73,
1979,島根県,782,167,509,105,
1979,岡山県,1865,426,1220,219,
1979,広島県,2723,650,1800,272,
1979,山口県,1588,357,1051,180,
1979,徳島県,821,175,550,97,
1979,香川県,995,223,656,116,
1979,愛媛県,1499,332,997,171,
1979,高知県,828,168,551,109,
1979,福岡県,4527,1045,3059,422,
1979,佐賀県,859,194,561,104,
1979,長崎県,1592,390,1035,167,
1979,熊本県,1776,380,1186,210,
1979,大分県,1224,267,815,142,
1979,宮崎県,1141,259,761,120,
1979,鹿児島県,1770,373,1169,228,
1979,沖縄県,1096,309,704,83,
1980,北海道,5576,1299,3825,452,
1980,青森県,1524,366,1023,135,
1980,岩手県,1422,326,952,143,
1980,宮城県,2082,481,1421,181,
1980,秋田県,1257,263,861,132,
1980,山形県,1252,263,843,147,
1980,福島県,2035,467,1356,213,
1980,茨城県,2558,629,1693,237,
1980,栃木県,1792,433,1191,167,
1980,群馬県,1849,442,1223,184,
1980,埼玉県,5420,1459,3627,334,
1980,千葉県,4735,1226,3179,330,
1980,東京都,11618,2398,8324,897,
1980,神奈川県,6924,1704,4776,443,
1980,新潟県,2451,552,1626,273,
1980,富山県,1103,250,730,123,
1980,石川県,1119,266,736,118,
1980,福井県,794,182,521,92,
1980,山梨県,804,182,529,93,
1980,長野県,2084,469,1362,253,
1980,岐阜県,1960,471,1299,190,
1980,静岡県,3447,833,2301,313,
1980,愛知県,6222,1556,4203,462,
1980,三重県,1687,386,1114,187,
1980,滋賀県,1080,266,706,108,
1980,京都府,2527,576,1693,258,
1980,大阪府,8473,2070,5790,614,
1980,兵庫県,5145,1230,3440,475,
1980,奈良県,1209,292,805,113,
1980,和歌山県,1087,244,715,128,
1980,鳥取県,604,131,399,74,
1980,島根県,785,167,510,107,
1980,岡山県,1871,424,1223,223,
1980,広島県,2739,647,1813,279,
1980,山口県,1587,354,1048,184,
1980,徳島県,825,175,551,99,
1980,香川県,1000,222,658,119,
1980,愛媛県,1507,341,991,175,
1980,高知県,831,174,548,109,
1980,福岡県,4553,1051,3076,427,
1980,佐賀県,866,201,563,102,
1980,長崎県,1591,385,1035,170,
1980,熊本県,1790,395,1185,210,
1980,大分県,1229,276,808,144,
1980,宮崎県,1152,274,757,121,
1980,鹿児島県,1785,400,1158,227,
1980,沖縄県,1107,326,695,86,
1981,北海道,5607,1300,3836,471,
1981,青森県,1527,369,1019,139,
1981,岩手県,1426,326,951,149,
1981,宮城県,2103,487,1429,187,
1981,秋田県,1258,264,856,138,
1981,山形県,1255,265,839,151,
1981,福島県,2043,472,1351,220,
1981,茨城県,2594,638,1711,245,
1981,栃木県,1806,439,1194,173,
1981,群馬県,1863,447,1226,190,
1981,埼玉県,5518,1467,3700,351,
1981,千葉県,4832,1245,3242,345,
1981,東京都,11635,2343,8367,925,
1981,神奈川県,7017,1702,4849,466,
1981,新潟県,2458,554,1622,282,
1981,富山県,1106,251,728,128,
1981,石川県,1126,268,737,121,
1981,福井県,797,183,520,94,
1981,山梨県,808,182,529,96,
1981,長野県,2092,470,1361,261,
1981,岐阜県,1974,475,1303,196,
1981,静岡県,3469,839,2307,323,
1981,愛知県,6267,1553,4234,480,
1981,三重県,1701,391,1118,192,
1981,滋賀県,1096,272,712,112,
1981,京都府,2541,574,1702,265,
1981,大阪府,8511,2049,5827,635,
1981,兵庫県,5172,1230,3449,492,
1981,奈良県,1233,298,818,117,
1981,和歌山県,1089,245,712,131,
1981,鳥取県,607,132,398,77,
1981,島根県,786,169,507,110,
1981,岡山県,1879,427,1224,229,
1981,広島県,2761,653,1819,288,
1981,山口県,1591,357,1045,190,
1981,徳島県,827,176,549,101,
1981,香川県,1005,225,658,123,
1981,愛媛県,1511,345,987,179,
1981,高知県,832,176,545,111,
1981,福岡県,4595,1060,3094,441,
1981,佐賀県,869,203,561,105,
1981,長崎県,1594,388,1032,174,
1981,熊本県,1801,398,1188,216,
1981,大分県,1233,280,805,148,
1981,宮崎県,1159,279,755,124,
1981,鹿児島県,1793,405,1156,232,
1981,沖縄県,1118,330,700,89,
1982,北海道,5633,1281,3864,488,
1982,青森県,1529,365,1020,144,
1982,岩手県,1428,322,952,154,
1982,宮城県,2125,487,1444,194,
1982,秋田県,1257,261,854,142,
1982,山形県,1255,262,838,155,
1982,福島県,2051,471,1353,226,
1982,茨城県,2632,636,1742,253,
1982,栃木県,1819,438,1202,179,
1982,群馬県,1877,444,1237,196,
1982,埼玉県,5611,1450,3793,368,
1982,千葉県,4919,1241,3318,360,
1982,東京都,11669,2260,8455,953,
1982,神奈川県,7116,1676,4952,488,
1982,新潟県,2464,546,1628,290,
1982,富山県,1109,247,731,132,
1982,石川県,1132,265,742,125,
1982,福井県,801,181,523,97,
1982,山梨県,811,180,532,99,
1982,長野県,2100,465,1368,268,
1982,岐阜県,1989,470,1317,202,
1982,静岡県,3494,832,2329,333,
1982,愛知県,6311,1526,4290,496,
1982,三重県,1714,389,1128,197,
1982,滋賀県,1111,274,723,115,
1982,京都府,2556,564,1721,271,
1982,大阪府,8546,1996,5896,654,
1982,兵庫県,5200,1214,3480,506,
1982,奈良県,1254,298,835,122,
1982,和歌山県,1091,242,715,134,
1982,鳥取県,610,132,399,79,
1982,島根県,788,167,508,112,
1982,岡山県,1887,423,1230,234,
1982,広島県,2777,648,1832,297,
1982,山口県,1597,353,1050,195,
1982,徳島県,828,174,551,103,
1982,香川県,1009,223,661,125,
1982,愛媛県,1515,343,989,183,
1982,高知県,834,175,545,113,
1982,福岡県,4634,1054,3125,454,
1982,佐賀県,872,201,563,107,
1982,長崎県,1595,384,1032,179,
1982,熊本県,1810,395,1194,221,
1982,大分県,1238,278,809,151,
1982,宮崎県,1166,281,757,128,
1982,鹿児島県,1800,406,1155,238,
1982,沖縄県,1132,332,707,92,
1983,北海道,5660,1266,3887,506,
1983,青森県,1531,362,1022,147,
1983,岩手県,1430,318,954,159,
1983,宮城県,2144,487,1457,200,
1983,秋田県,1255,258,850,146,
1983,山形県,1256,261,836,159,
1983,福島県,2059,472,1355,232,
1983,茨城県,2664,635,1769,260,
1983,栃木県,1831,437,1210,184,
1983,群馬県,1889,441,1247,202,
1983,埼玉県,5695,1429,3882,383,
1983,千葉県,4999,1233,3392,374,
1983,東京都,11728,2185,8562,980,
1983,神奈川県,7210,1648,5053,509,
1983,新潟県,2467,539,1631,297,
1983,富山県,1112,244,734,134,
1983,石川県,1138,263,747,128,
1983,福井県,806,180,527,98,
1983,山梨県,816,178,536,101,
1983,長野県,2109,460,1374,275,
1983,岐阜県,2001,465,1329,207,
1983,静岡県,3515,824,2347,344,
1983,愛知県,6356,1495,4350,511,
1983,三重県,1725,387,1137,201,
1983,滋賀県,1126,274,734,118,
1983,京都府,2573,554,1743,276,
1983,大阪府,8594,1944,5979,672,
1983,兵庫県,5230,1196,3515,518,
1983,奈良県,1274,297,851,125,
1983,和歌山県,1091,239,715,137,
1983,鳥取県,612,132,399,81,
1983,島根県,787,166,507,114,
1983,岡山県,1895,420,1238,238,
1983,広島県,2792,642,1846,305,
1983,山口県,1600,348,1052,200,
1983,徳島県,830,173,552,105,
1983,香川県,1014,221,665,128,
1983,愛媛県,1518,341,990,188,
1983,高知県,835,174,545,116,
1983,福岡県,4670,1048,3155,467,
1983,佐賀県,874,200,565,109,
1983,長崎県,1596,381,1032,183,
1983,熊本県,1818,394,1197,227,
1983,大分県,1241,275,811,155,
1983,宮崎県,1170,282,757,131,
1983,鹿児島県,1804,408,1152,244,
1983,沖縄県,1146,333,717,96,
1984,北海道,5677,1247,3907,523,
1984,青森県,1530,358,1022,150,
1984,岩手県,1431,313,955,162,
1984,宮城県,2160,486,1468,206,
1984,秋田県,1253,255,847,151,
1984,山形県,1257,259,835,163,
1984,福島県,2068,472,1358,238,
1984,茨城県,2690,630,1793,266,
1984,栃木県,1844,435,1220,189,
1984,群馬県,1903,437,1259,207,
1984,埼玉県,5776,1401,3976,398,
1984,千葉県,5071,1218,3465,387,
1984,東京都,11797,2111,8679,1006,
1984,神奈川県,7305,1615,5161,529,
1984,新潟県,2472,532,1635,305,
1984,富山県,1115,240,738,138,
1984,石川県,1142,259,752,131,
1984,福井県,809,179,530,101,
1984,山梨県,820,176,540,104,
1984,長野県,2121,455,1386,281,
1984,岐阜県,2014,458,1344,211,
1984,静岡県,3537,815,2369,354,
1984,愛知県,6405,1464,4416,524,
1984,三重県,1732,383,1145,204,
1984,滋賀県,1139,274,746,120,
1984,京都府,2584,542,1762,280,
1984,大阪府,8640,1888,6066,686,
1984,兵庫県,5256,1176,3552,528,
1984,奈良県,1292,295,868,128,
1984,和歌山県,1090,235,716,140,
1984,鳥取県,613,132,400,82,
1984,島根県,789,165,507,117,
1984,岡山県,1902,415,1246,241,
1984,広島県,2806,633,1861,312,
1984,山口県,1601,342,1054,204,
1984,徳島県,831,171,553,107,
1984,香川県,1018,219,669,130,
1984,愛媛県,1522,338,993,191,
1984,高知県,835,172,546,117,
1984,福岡県,4702,1039,3185,478,
1984,佐賀県,876,199,566,110,
1984,長崎県,1596,377,1032,187,
1984,熊本県,1828,393,1204,231,
1984,大分県,1244,272,815,157,
1984,宮崎県,1174,282,757,134,
1984,鹿児島県,1810,410,1151,249,
1984,沖縄県,1161,334,729,98,
1985,北海道,5679,1218,3912,550,
1985,青森県,1524,339,1027,159,
1985,岩手県,1434,308,955,170,
1985,宮城県,2176,481,1480,216,
1985,秋田県,1254,250,846,158,
1985,山形県,1262,256,836,170,
1985,福島県,2080,461,1372,248,
1985,茨城県,2725,628,1819,279,
1985,栃木県,1866,426,1244,196,
1985,群馬県,1921,425,1282,215,
1985,埼玉県,5864,1381,4063,420,
1985,千葉県,5148,1192,3549,407,
1985,東京都,11829,2127,8646,1057,
1985,神奈川県,7432,1596,5280,556,
1985,新潟県,2478,524,1638,317,
1985,富山県,1118,234,741,144,
1985,石川県,1152,254,761,137,
1985,福井県,818,176,537,105,
1985,山梨県,833,173,552,108,
1985,長野県,2137,447,1399,292,
1985,岐阜県,2029,449,1359,220,
1985,静岡県,3575,796,2412,367,
1985,愛知県,6455,1447,4460,547,
1985,三重県,1747,372,1165,211,
1985,滋賀県,1156,270,761,125,
1985,京都府,2587,539,1758,290,
1985,大阪府,8668,1852,6099,717,
1985,兵庫県,5278,1150,3583,546,
1985,奈良県,1305,289,884,132,
1985,和歌山県,1087,225,718,144,
1985,鳥取県,616,131,401,85,
1985,島根県,795,163,510,122,
1985,岡山県,1917,409,1258,250,
1985,広島県,2819,615,1880,324,
1985,山口県,1602,334,1055,212,
1985,徳島県,835,170,554,111,
1985,香川県,1023,215,672,136,
1985,愛媛県,1530,326,1006,198,
1985,高知県,840,169,549,122,
1985,福岡県,4719,1029,3191,499,
1985,佐賀県,880,196,570,114,
1985,長崎県,1594,362,1038,194,
1985,熊本県,1838,389,1207,242,
1985,大分県,1250,267,820,164,
1985,宮崎県,1176,270,765,141,
1985,鹿児島県,1819,393,1168,258,
1985,沖縄県,1179,323,754,102,
1986,北海道,5678,1187,3921,570,
1986,青森県,1520,330,1026,164,
1986,岩手県,1431,302,953,176,
1986,宮城県,2190,476,1490,224,
1986,秋田県,1249,246,840,163,
1986,山形県,1262,253,833,175,
1986,福島県,2085,456,1373,256,
1986,茨城県,2746,617,1843,286,
1986,栃木県,1879,419,1259,201,
1986,群馬県,1930,415,1295,220,
1986,埼玉県,5950,1340,4171,439,
1986,千葉県,5216,1161,3631,424,
1986,東京都,11893,2062,8734,1097,
1986,神奈川県,7542,1550,5408,584,
1986,新潟県,2479,514,1638,328,
1986,富山県,1119,227,743,148,
1986,石川県,1155,248,766,141,
1986,福井県,820,173,539,108,
1986,山梨県,838,170,557,111,
1986,長野県,2144,438,1406,301,
1986,岐阜県,2036,437,1372,227,
1986,静岡県,3596,777,2439,379,
1986,愛知県,6507,1410,4532,565,
1986,三重県,1757,364,1178,215,
1986,滋賀県,1167,267,772,127,
1986,京都府,2596,525,1776,296,
1986,大阪府,8706,1790,6178,738,
1986,兵庫県,5302,1120,3622,561,
1986,奈良県,1319,284,900,136,
1986,和歌山県,1085,219,720,146,
1986,鳥取県,617,129,400,87,
1986,島根県,794,161,508,125,
1986,岡山県,1923,401,1266,256,
1986,広島県,2831,601,1896,334,
1986,山口県,1599,325,1056,219,
1986,徳島県,835,167,555,114,
1986,香川県,1024,211,674,140,
1986,愛媛県,1529,319,1006,204,
1986,高知県,838,165,548,125,
1986,福岡県,4740,1012,3212,516,
1986,佐賀県,880,194,569,117,
1986,長崎県,1591,354,1038,199,
1986,熊本県,1842,386,1208,248,
1986,大分県,1250,262,820,168,
1986,宮崎県,1175,266,765,145,
1986,鹿児島県,1817,388,1166,263,
1986,沖縄県,1190,320,764,106,
1987,北海道,5671,1150,3926,594,
1987,青森県,1516,321,1026,169,
1987,岩手県,1426,294,951,181,
1987,宮城県,2206,470,1504,233,
1987,秋田県,1245,240,835,169,
1987,山形県,1262,249,832,182,
1987,福島県,2091,449,1377,265,
1987,茨城県,2769,604,1870,294,
1987,栃木県,1892,411,1274,208,
1987,群馬県,1939,404,1309,226,
1987,埼玉県,6063,1299,4304,460,
1987,千葉県,5299,1129,3727,442,
1987,東京都,11898,1991,8767,1139,
1987,神奈川県,7661,1502,5544,614,
1987,新潟県,2479,503,1637,339,
1987,富山県,1121,220,748,153,
1987,石川県,1157,241,769,147,
1987,福井県,822,169,542,111,
1987,山梨県,842,167,561,114,
1987,長野県,2149,428,1411,311,
1987,岐阜県,2045,425,1385,234,
1987,静岡県,3617,758,2466,393,
1987,愛知県,6555,1370,4602,583,
1987,三重県,1766,355,1191,220,
1987,滋賀県,1179,263,786,130,
1987,京都府,2602,508,1791,303,
1987,大阪府,8739,1724,6253,762,
1987,兵庫県,5323,1085,3660,579,
1987,奈良県,1336,278,918,140,
1987,和歌山県,1082,212,721,150,
1987,鳥取県,617,127,401,90,
1987,島根県,793,157,506,129,
1987,岡山県,1927,390,1275,262,
1987,広島県,2839,584,1909,345,
1987,山口県,1596,314,1056,226,
1987,徳島県,836,163,556,117,
1987,香川県,1026,205,677,144,
1987,愛媛県,1528,310,1007,211,
1987,高知県,837,160,548,129,
1987,福岡県,4755,991,3229,535,
1987,佐賀県,881,191,570,120,
1987,長崎県,1587,345,1037,205,
1987,熊本県,1846,380,1209,257,
1987,大分県,1248,255,820,173,
1987,宮崎県,1176,260,766,150,
1987,鹿児島県,1818,383,1163,272,
1987,沖縄県,1202,316,774,112,
1988,北海道,5671,1112,3941,617,
1988,青森県,1509,310,1026,173,
1988,岩手県,1423,286,949,188,
1988,宮城県,2221,460,1518,243,
1988,秋田県,1239,234,831,175,
1988,山形県,1262,244,830,188,
1988,福島県,2095,440,1382,273,
1988,茨城県,2794,589,1901,304,
1988,栃木県,1903,400,1288,216,
1988,群馬県,1946,391,1322,233,
1988,埼玉県,6181,1254,4444,483,
1988,千葉県,5392,1095,3834,463,
1988,東京都,11890,1918,8790,1182,
1988,神奈川県,7760,1453,5663,644,
1988,新潟県,2480,489,1643,349,
1988,富山県,1121,211,752,157,
1988,石川県,1159,234,773,151,
1988,福井県,822,164,545,113,
1988,山梨県,846,163,565,118,
1988,長野県,2152,416,1415,321,
1988,岐阜県,2052,412,1398,242,
1988,静岡県,3636,736,2492,408,
1988,愛知県,6590,1325,4662,603,
1988,三重県,1773,344,1204,225,
1988,滋賀県,1193,259,800,134,
1988,京都府,2605,490,1806,310,
1988,大阪府,8751,1653,6312,785,
1988,兵庫県,5349,1047,3705,597,
1988,奈良県,1352,271,936,146,
1988,和歌山県,1081,204,723,154,
1988,鳥取県,618,124,401,92,
1988,島根県,791,153,505,133,
1988,岡山県,1929,378,1282,269,
1988,広島県,2846,564,1925,357,
1988,山口県,1592,302,1057,233,
1988,徳島県,835,159,557,120,
1988,香川県,1027,198,681,148,
1988,愛媛県,1527,300,1008,219,
1988,高知県,835,155,548,132,
1988,福岡県,4771,965,3252,555,
1988,佐賀県,881,186,570,124,
1988,長崎県,1583,335,1037,212,
1988,熊本県,1847,372,1210,265,
1988,大分県,1245,247,820,179,
1988,宮崎県,1176,254,768,155,
1988,鹿児島県,1815,375,1160,280,
1988,沖縄県,1213,311,785,117,
1989,北海道,5670,1074,3954,643,
1989,青森県,1502,300,1023,179,
1989,岩手県,1419,276,946,196,
1989,宮城県,2236,451,1532,253,
1989,秋田県,1234,226,826,182,
1989,山形県,1260,239,826,196,
1989,福島県,2099,430,1387,283,
1989,茨城県,2821,575,1930,316,
1989,栃木県,1915,388,1302,225,
1989,群馬県,1955,378,1336,242,
1989,埼玉県,6290,1211,4571,508,
1989,千葉県,5471,1060,3927,484,
1989,東京都,11885,1845,8811,1229,
1989,神奈川県,7846,1402,5767,677,
1989,新潟県,2481,474,1647,360,
1989,富山県,1121,203,757,162,
1989,石川県,1161,228,777,157,
1989,福井県,823,160,546,117,
1989,山梨県,849,159,569,122,
1989,長野県,2157,403,1420,334,
1989,岐阜県,2059,397,1410,251,
1989,静岡県,3652,711,2516,425,
1989,愛知県,6628,1279,4724,626,
1989,三重県,1784,334,1218,232,
1989,滋賀県,1208,253,816,139,
1989,京都府,2606,471,1817,318,
1989,大阪府,8747,1584,6352,811,
1989,兵庫県,5380,1012,3751,617,
1989,奈良県,1370,264,954,152,
1989,和歌山県,1081,197,726,158,
1989,鳥取県,618,121,401,96,
1989,島根県,789,148,503,137,
1989,岡山県,1931,365,1290,277,
1989,広島県,2853,545,1938,370,
1989,山口県,1588,291,1056,241,
1989,徳島県,834,154,556,124,
1989,香川県,1027,191,683,153,
1989,愛媛県,1525,290,1008,227,
1989,高知県,832,149,546,137,
1989,福岡県,4790,938,3274,578,
1989,佐賀県,880,181,570,128,
1989,長崎県,1577,324,1033,220,
1989,熊本県,1848,364,1210,274,
1989,大分県,1243,239,820,184,
1989,宮崎県,1176,246,769,160,
1989,鹿児島県,1810,367,1155,288,
1989,沖縄県,1222,306,794,122,
1990,北海道,5644,1036,3932,676,
1990,青森県,1483,289,1002,192,
1990,岩手県,1417,270,941,206,
1990,宮城県,2249,441,1540,268,
1990,秋田県,1227,220,816,192,
1990,山形県,1258,234,820,205,
1990,福島県,2104,423,1380,302,
1990,茨城県,2845,560,1946,339,
1990,栃木県,1935,380,1316,239,
1990,群馬県,1966,368,1341,257,
1990,埼玉県,6405,1200,4673,532,
1990,千葉県,5555,1038,4007,511,
1990,東京都,11856,1741,8861,1253,
1990,神奈川県,7980,1380,5894,707,
1990,新潟県,2475,463,1634,378,
1990,富山県,1120,196,755,169,
1990,石川県,1165,216,788,161,
1990,福井県,824,156,546,122,
1990,山梨県,853,156,570,127,
1990,長野県,2157,393,1416,347,
1990,岐阜県,2067,388,1416,263,
1990,静岡県,3671,695,2531,445,
1990,愛知県,6691,1239,4794,657,
1990,三重県,1793,330,1219,243,
1990,滋賀県,1222,250,825,147,
1990,京都府,2602,451,1823,329,
1990,大阪府,8735,1511,6377,847,
1990,兵庫県,5405,995,3766,645,
1990,奈良県,1375,256,960,159,
1990,和歌山県,1074,193,717,165,
1990,鳥取県,616,118,398,100,
1990,島根県,781,144,495,142,
1990,岡山県,1926,353,1287,286,
1990,広島県,2850,526,1941,382,
1990,山口県,1573,279,1044,250,
1990,徳島県,832,150,552,129,
1990,香川県,1023,185,681,157,
1990,愛媛県,1515,281,1001,233,
1990,高知県,825,145,538,142,
1990,福岡県,4811,913,3298,600,
1990,佐賀県,878,178,567,133,
1990,長崎県,1563,317,1017,229,
1990,熊本県,1840,356,1200,284,
1990,大分県,1237,232,814,192,
1990,宮崎県,1169,240,762,167,
1990,鹿児島県,1798,358,1141,299,
1990,沖縄県,1222,302,799,122,
1991,北海道,5649,1000,3941,707,
1991,青森県,1477,278,999,200,
1991,岩手県,1415,260,940,215,
1991,宮城県,2264,430,1552,281,
1991,秋田県,1223,212,810,200,
1991,山形県,1257,228,815,214,
1991,福島県,2108,410,1382,316,
1991,茨城県,2870,544,1971,355,
1991,栃木県,1947,370,1327,249,
1991,群馬県,1974,355,1351,268,
1991,埼玉県,6483,1168,4755,560,
1991,千葉県,5614,1006,4070,538,
1991,東京都,11887,1711,8866,1311,
1991,神奈川県,8044,1347,5952,744,
1991,新潟県,2474,448,1632,394,
1991,富山県,1121,189,756,176,
1991,石川県,1166,208,791,167,
1991,福井県,824,152,545,127,
1991,山梨県,858,153,573,131,
1991,長野県,2160,382,1417,361,
1991,岐阜県,2072,376,1422,274,
1991,静岡県,3686,670,2549,467,
1991,愛知県,6724,1206,4832,686,
1991,三重県,1802,322,1227,254,
1991,滋賀県,1234,244,836,154,
1991,京都府,2604,437,1827,340,
1991,大阪府,8737,1465,6392,881,
1991,兵庫県,5437,969,3795,673,
1991,奈良県,1389,251,972,166,
1991,和歌山県,1076,187,718,171,
1991,鳥取県,616,115,397,104,
1991,島根県,778,140,491,148,
1991,岡山県,1929,343,1289,297,
1991,広島県,2858,511,1950,398,
1991,山口県,1569,269,1041,259,
1991,徳島県,830,145,551,135,
1991,香川県,1023,179,681,164,
1991,愛媛県,1513,270,1001,242,
1991,高知県,821,140,535,147,
1991,福岡県,4831,892,3312,627,
1991,佐賀県,877,174,566,138,
1991,長崎県,1557,305,1014,238,
1991,熊本県,1843,348,1199,296,
1991,大分県,1235,224,812,199,
1991,宮崎県,1167,232,760,174,
1991,鹿児島県,1792,346,1137,309,
1991,沖縄県,1229,295,808,127,
1992,北海道,5659,971,3948,740,
1992,青森県,1472,268,995,208,
1992,岩手県,1414,251,938,225,
1992,宮城県,2277,420,1561,296,
1992,秋田県,1219,206,804,210,
1992,山形県,1255,223,810,223,
1992,福島県,2115,400,1384,331,
1992,茨城県,2895,531,1994,370,
1992,栃木県,1957,361,1335,260,
1992,群馬県,1983,346,1358,279,
1992,埼玉県,6561,1142,4831,589,
1992,千葉県,5673,980,4127,566,
1992,東京都,11874,1680,8828,1366,
1992,神奈川県,8104,1320,5999,785,
1992,新潟県,2475,435,1630,410,
1992,富山県,1120,182,756,182,
1992,石川県,1169,202,794,173,
1992,福井県,824,148,544,132,
1992,山梨県,862,150,575,137,
1992,長野県,2165,373,1416,376,
1992,岐阜県,2080,367,1427,286,
1992,静岡県,3701,649,2563,490,
1992,愛知県,6766,1182,4867,717,
1992,三重県,1811,314,1233,264,
1992,滋賀県,1246,240,846,161,
1992,京都府,2606,426,1828,352,
1992,大阪府,8735,1427,6395,913,
1992,兵庫県,5466,946,3819,700,
1992,奈良県,1401,246,982,173,
1992,和歌山県,1078,182,719,177,
1992,鳥取県,615,112,395,108,
1992,島根県,775,136,487,153,
1992,岡山県,1932,334,1291,307,
1992,広島県,2867,498,1957,412,
1992,山口県,1565,260,1037,268,
1992,徳島県,830,141,549,140,
1992,香川県,1024,173,682,169,
1992,愛媛県,1511,261,998,251,
1992,高知県,817,135,530,152,
1992,福岡県,4852,874,3325,653,
1992,佐賀県,878,170,565,143,
1992,長崎県,1552,294,1010,247,
1992,熊本県,1845,341,1197,307,
1992,大分県,1233,217,810,207,
1992,宮崎県,1167,226,759,182,
1992,鹿児島県,1787,336,1132,320,
1992,沖縄県,1238,289,816,133,
1993,北海道,5666,940,3951,774,
1993,青森県,1470,260,993,217,
1993,岩手県,1415,243,938,234,
1993,宮城県,2290,410,1571,309,
1993,秋田県,1216,199,798,219,
1993,山形県,1253,217,805,231,
1993,福島県,2122,390,1387,344,
1993,茨城県,2916,517,2014,385,
1993,栃木県,1966,352,1343,271,
1993,群馬県,1988,335,1363,290,
1993,埼玉県,6632,1118,4896,618,
1993,千葉県,5721,954,4173,593,
1993,東京都,11830,1644,8765,1421,
1993,神奈川県,8149,1295,6029,825,
1993,新潟県,2478,423,1629,426,
1993,富山県,1121,177,756,189,
1993,石川県,1171,197,795,179,
1993,福井県,825,144,544,137,
1993,山梨県,865,148,576,142,
1993,長野県,2170,363,1417,390,
1993,岐阜県,2085,358,1430,298,
1993,静岡県,3712,628,2571,513,
1993,愛知県,6795,1159,4889,747,
1993,三重県,1818,307,1238,274,
1993,滋賀県,1258,235,855,168,
1993,京都府,2605,415,1827,363,
1993,大阪府,8723,1391,6384,948,
1993,兵庫県,5490,925,3837,728,
1993,奈良県,1413,241,991,181,
1993,和歌山県,1079,177,719,183,
1993,鳥取県,615,110,394,111,
1993,島根県,772,132,483,158,
1993,岡山県,1936,326,1292,318,
1993,広島県,2872,485,1960,427,
1993,山口県,1562,253,1033,277,
1993,徳島県,830,137,547,146,
1993,香川県,1025,168,681,175,
1993,愛媛県,1509,253,995,261,
1993,高知県,815,131,527,157,
1993,福岡県,4875,856,3339,680,
1993,佐賀県,879,166,565,147,
1993,長崎県,1550,285,1010,256,
1993,熊本県,1847,334,1196,318,
1993,大分県,1232,210,807,214,
1993,宮崎県,1170,221,761,189,
1993,鹿児島県,1786,327,1128,331,
1993,沖縄県,1247,285,822,140,
1994,北海道,5677,915,3952,809,
1994,青森県,1471,253,992,226,
1994,岩手県,1416,237,934,244,
1994,宮城県,2301,400,1577,324,
1994,秋田県,1215,194,794,228,
1994,山形県,1253,212,801,240,
1994,福島県,2126,381,1387,358,
1994,茨城県,2935,505,2030,400,
1994,栃木県,1973,344,1347,282,
1994,群馬県,1993,327,1366,301,
1994,埼玉県,6692,1101,4944,648,
1994,千葉県,5754,932,4201,621,
1994,東京都,11771,1614,8681,1476,
1994,神奈川県,8184,1277,6040,867,
1994,新潟県,2482,413,1628,441,
1994,富山県,1122,172,754,196,
1994,石川県,1173,192,796,185,
1994,福井県,827,142,543,142,
1994,山梨県,869,147,576,147,
1994,長野県,2177,357,1417,403,
1994,岐阜県,2090,350,1429,310,
1994,静岡県,3723,610,2578,535,
1994,愛知県,6819,1141,4899,779,
1994,三重県,1827,302,1241,284,
1994,滋賀県,1269,232,863,174,
1994,京都府,2604,407,1822,375,
1994,大阪府,8708,1364,6357,986,
1994,兵庫県,5514,910,3846,757,
1994,奈良県,1422,238,996,188,
1994,和歌山県,1082,174,718,190,
1994,鳥取県,615,107,393,115,
1994,島根県,770,128,479,163,
1994,岡山県,1939,320,1290,329,
1994,広島県,2876,475,1957,444,
1994,山口県,1560,246,1027,287,
1994,徳島県,829,133,544,151,
1994,香川県,1026,164,680,181,
1994,愛媛県,1508,246,991,271,
1994,高知県,814,128,524,162,
1994,福岡県,4896,839,3347,710,
1994,佐賀県,880,163,565,152,
1994,長崎県,1549,276,1009,265,
1994,熊本県,1851,327,1195,330,
1994,大分県,1232,205,805,222,
1994,宮崎県,1173,215,762,196,
1994,鹿児島県,1787,319,1126,342,
1994,沖縄県,1259,281,829,148,
1995,北海道,5692,900,3947,846,
1995,青森県,1482,253,992,237,
1995,岩手県,1420,239,925,255,
1995,宮城県,2329,395,1596,338,
1995,秋田県,1214,189,787,238,
1995,山形県,1257,209,799,249,
1995,福島県,2134,382,1380,372,
1995,茨城県,2956,506,2031,419,
1995,栃木県,1984,340,1352,293,
1995,群馬県,2004,330,1360,313,
1995,埼玉県,6759,1092,4985,682,
1995,千葉県,5798,917,4229,652,
1995,東京都,11774,1504,8734,1535,
1995,神奈川県,8246,1233,6104,909,
1995,新潟県,2488,407,1626,455,
1995,富山県,1123,170,752,201,
1995,石川県,1180,190,799,191,
1995,福井県,827,141,540,147,
1995,山梨県,882,146,585,151,
1995,長野県,2194,355,1422,417,
1995,岐阜県,2100,348,1430,322,
1995,静岡県,3738,620,2565,554,
1995,愛知県,6868,1123,4926,820,
1995,三重県,1841,304,1241,297,
1995,滋賀県,1287,231,875,181,
1995,京都府,2630,392,1850,388,
1995,大阪府,8797,1324,6424,1050,
1995,兵庫県,5402,881,3757,764,
1995,奈良県,1431,233,1000,198,
1995,和歌山県,1080,176,709,196,
1995,鳥取県,615,105,391,118,
1995,島根県,771,126,478,167,
1995,岡山県,1951,316,1295,340,
1995,広島県,2882,467,1958,457,
1995,山口県,1556,241,1019,296,
1995,徳島県,832,133,542,158,
1995,香川県,1027,162,678,187,
1995,愛媛県,1507,246,982,279,
1995,高知県,817,126,523,168,
1995,福岡県,4933,816,3387,730,
1995,佐賀県,884,160,567,157,
1995,長崎県,1545,277,994,273,
1995,熊本県,1860,322,1197,341,
1995,大分県,1231,201,801,229,
1995,宮崎県,1176,211,761,204,
1995,鹿児島県,1794,320,1120,354,
1995,沖縄県,1273,281,843,149,
1996,北海道,5699,876,3939,884,
1996,青森県,1483,245,991,247,
1996,岩手県,1420,232,923,265,
1996,宮城県,2338,385,1601,352,
1996,秋田県,1210,183,780,247,
1996,山形県,1256,204,794,258,
1996,福島県,2136,374,1377,385,
1996,茨城県,2972,495,2042,435,
1996,栃木県,1993,333,1355,304,
1996,群馬県,2011,323,1362,326,
1996,埼玉県,6809,1079,5012,718,
1996,千葉県,5824,899,4241,684,
1996,東京都,11772,1497,8674,1601,
1996,神奈川県,8282,1221,6104,958,
1996,新潟県,2492,398,1622,472,
1996,富山県,1126,167,750,209,
1996,石川県,1182,186,798,198,
1996,福井県,829,139,538,152,
1996,山梨県,886,145,585,156,
1996,長野県,2206,351,1424,431,
1996,岐阜県,2107,342,1429,335,
1996,静岡県,3749,604,2567,578,
1996,愛知県,6897,1113,4928,857,
1996,三重県,1849,299,1242,308,
1996,滋賀県,1298,228,881,189,
1996,京都府,2631,387,1842,402,
1996,大阪府,8804,1312,6395,1097,
1996,兵庫県,5410,864,3751,795,
1996,奈良県,1439,230,1002,207,
1996,和歌山県,1080,172,706,202,
1996,鳥取県,614,103,390,122,
1996,島根県,770,123,475,172,
1996,岡山県,1953,310,1290,352,
1996,広島県,2882,458,1952,472,
1996,山口県,1551,234,1011,306,
1996,徳島県,832,129,540,163,
1996,香川県,1028,158,676,193,
1996,愛媛県,1505,238,979,288,
1996,高知県,815,123,519,173,
1996,福岡県,4952,800,3395,757,
1996,佐賀県,886,157,566,162,
1996,長崎県,1541,268,992,282,
1996,熊本県,1862,315,1194,353,
1996,大分県,1230,196,797,237,
1996,宮崎県,1177,206,759,212,
1996,鹿児島県,1793,310,1119,364,
1996,沖縄県,1283,276,851,156,
1997,北海道,5702,854,3927,920,
1997,青森県,1480,240,985,256,
1997,岩手県,1418,224,919,275,
1997,宮城県,2348,376,1605,367,
1997,秋田県,1206,178,772,256,
1997,山形県,1255,199,790,265,
1997,福島県,2137,365,1373,398,
1997,茨城県,2983,485,2048,451,
1997,栃木県,2001,327,1359,315,
1997,群馬県,2018,317,1363,337,
1997,埼玉県,6852,1066,5031,755,
1997,千葉県,5852,882,4253,717,
1997,東京都,11808,1496,8639,1673,
1997,神奈川県,8325,1212,6107,1007,
1997,新潟県,2494,390,1617,487,
1997,富山県,1126,164,747,215,
1997,石川県,1184,183,797,204,
1997,福井県,829,136,537,157,
1997,山梨県,889,143,585,161,
1997,長野県,2213,347,1422,444,
1997,岐阜県,2111,337,1427,348,
1997,静岡県,3760,588,2569,602,
1997,愛知県,6932,1107,4930,895,
1997,三重県,1855,294,1242,319,
1997,滋賀県,1311,226,888,196,
1997,京都府,2631,383,1832,416,
1997,大阪府,8802,1301,6355,1146,
1997,兵庫県,5433,851,3752,829,
1997,奈良県,1444,226,1003,215,
1997,和歌山県,1078,168,703,207,
1997,鳥取県,614,100,388,126,
1997,島根県,768,120,471,177,
1997,岡山県,1956,306,1286,364,
1997,広島県,2883,450,1946,487,
1997,山口県,1547,227,1004,316,
1997,徳島県,831,126,538,168,
1997,香川県,1028,155,674,199,
1997,愛媛県,1504,231,975,297,
1997,高知県,814,120,516,178,
1997,福岡県,4970,784,3400,786,
1997,佐賀県,885,154,565,167,
1997,長崎県,1536,258,986,291,
1997,熊本県,1863,308,1191,365,
1997,大分県,1229,192,793,245,
1997,宮崎県,1177,199,758,220,
1997,鹿児島県,1792,301,1116,375,
1997,沖縄県,1291,271,857,163,
1998,北海道,5700,831,3911,958,
1998,青森県,1478,234,979,266,
1998,岩手県,1416,217,915,285,
1998,宮城県,2355,367,1607,381,
1998,秋田県,1201,173,764,264,
1998,山形県,1253,195,786,273,
1998,福島県,2137,357,1369,410,
1998,茨城県,2996,476,2054,466,
1998,栃木県,2008,320,1363,325,
1998,群馬県,2025,311,1366,348,
1998,埼玉県,6894,1053,5045,795,
1998,千葉県,5887,868,4267,752,
1998,東京都,11830,1493,8592,1745,
1998,神奈川県,8392,1208,6123,1061,
1998,新潟県,2494,382,1610,502,
1998,富山県,1126,162,742,222,
1998,石川県,1185,180,795,210,
1998,福井県,830,132,536,162,
1998,山梨県,892,141,585,166,
1998,長野県,2220,343,1420,457,
1998,岐阜県,2115,332,1423,360,
1998,静岡県,3770,574,2570,625,
1998,愛知県,6974,1104,4936,934,
1998,三重県,1861,289,1243,329,
1998,滋賀県,1323,224,897,203,
1998,京都府,2634,378,1825,430,
1998,大阪府,8804,1290,6316,1198,
1998,兵庫県,5461,839,3756,865,
1998,奈良県,1447,222,1003,223,
1998,和歌山県,1076,164,699,213,
1998,鳥取県,615,98,388,129,
1998,島根県,766,117,467,182,
1998,岡山県,1958,301,1282,375,
1998,広島県,2884,442,1940,502,
1998,山口県,1543,221,997,325,
1998,徳島県,831,123,535,174,
1998,香川県,1029,152,672,205,
1998,愛媛県,1502,224,971,306,
1998,高知県,812,117,512,183,
1998,福岡県,4988,770,3406,813,
1998,佐賀県,884,150,563,171,
1998,長崎県,1530,249,981,299,
1998,熊本県,1865,301,1187,376,
1998,大分県,1228,187,788,252,
1998,宮崎県,1176,192,756,228,
1998,鹿児島県,1791,291,1114,386,
1998,沖縄県,1301,267,863,172,
1999,北海道,5695,808,3892,994,
1999,青森県,1475,227,974,274,
1999,岩手県,1414,210,911,293,
1999,宮城県,2360,359,1608,394,
1999,秋田県,1196,167,758,271,
1999,山形県,1250,190,781,279,
1999,福島県,2135,348,1366,421,
1999,茨城県,3002,466,2058,479,
1999,栃木県,2012,313,1364,335,
1999,群馬県,2030,305,1366,358,
1999,埼玉県,6929,1041,5053,835,
1999,千葉県,5920,855,4279,786,
1999,東京都,11837,1486,8543,1808,
1999,神奈川県,8443,1202,6128,1113,
1999,新潟県,2490,372,1604,514,
1999,富山県,1125,159,739,228,
1999,石川県,1186,177,794,215,
1999,福井県,831,130,535,166,
1999,山梨県,893,139,584,170,
1999,長野県,2223,338,1418,467,
1999,岐阜県,2118,326,1420,372,
1999,静岡県,3776,559,2569,648,
1999,愛知県,7008,1100,4935,973,
1999,三重県,1864,283,1242,339,
1999,滋賀県,1333,221,903,209,
1999,京都府,2633,374,1816,443,
1999,大阪府,8801,1280,6275,1247,
1999,兵庫県,5484,828,3760,896,
1999,奈良県,1449,217,1002,230,
1999,和歌山県,1074,160,696,218,
1999,鳥取県,614,95,387,132,
1999,島根県,764,114,464,186,
1999,岡山県,1959,295,1280,384,
1999,広島県,2883,434,1934,515,
1999,山口県,1538,216,989,333,
1999,徳島県,830,119,532,178,
1999,香川県,1029,149,670,210,
1999,愛媛県,1497,218,965,314,
1999,高知県,810,114,510,186,
1999,福岡県,5000,753,3409,837,
1999,佐賀県,884,147,562,175,
1999,長崎県,1525,240,978,307,
1999,熊本県,1865,294,1185,386,
1999,大分県,1226,183,784,259,
1999,宮崎県,1176,187,754,234,
1999,鹿児島県,1788,281,1114,394,
1999,沖縄県,1312,262,869,180,
2000,北海道,5683,796,3851,1036,
2000,青森県,1476,223,965,287,
2000,岩手県,1416,213,900,304,
2000,宮城県,2365,354,1602,409,
2000,秋田県,1189,163,746,280,
2000,山形県,1244,186,772,286,
2000,福島県,2127,341,1354,432,
2000,茨城県,2986,459,2031,496,
2000,栃木県,2005,307,1353,345,
2000,群馬県,2025,308,1349,368,
2000,埼玉県,6938,1027,5021,891,
2000,千葉県,5926,844,4244,838,
2000,東京都,12064,1427,8720,1918,
2000,神奈川県,8490,1186,6132,1171,
2000,新潟県,2476,366,1583,527,
2000,富山県,1121,157,731,233,
2000,石川県,1181,176,784,220,
2000,福井県,829,130,529,170,
2000,山梨県,888,138,577,174,
2000,長野県,2215,334,1405,475,
2000,岐阜県,2108,323,1402,383,
2000,静岡県,3767,569,2533,666,
2000,愛知県,7043,1086,4934,1024,
2000,三重県,1857,283,1223,351,
2000,滋賀県,1343,220,907,216,
2000,京都府,2644,363,1820,462,
2000,大阪府,8805,1252,6235,1317,
2000,兵庫県,5551,831,3779,941,
2000,奈良県,1443,214,989,240,
2000,和歌山県,1070,160,684,226,
2000,鳥取県,613,94,384,135,
2000,島根県,762,112,460,189,
2000,岡山県,1951,291,1266,394,
2000,広島県,2879,428,1919,532,
2000,山口県,1528,214,974,340,
2000,徳島県,824,117,526,181,
2000,香川県,1023,148,660,214,
2000,愛媛県,1493,219,954,320,
2000,高知県,814,112,510,192,
2000,福岡県,5016,744,3400,872,
2000,佐賀県,877,144,553,179,
2000,長崎県,1517,243,957,316,
2000,熊本県,1859,289,1174,396,
2000,大分県,1221,180,775,266,
2000,宮崎県,1170,187,741,242,
2000,鹿児島県,1786,281,1102,403,
2000,沖縄県,1318,266,868,184,
2001,北海道,5679,777,3828,1074,
2001,青森県,1474,218,959,297,
2001,岩手県,1413,208,893,313,
2001,宮城県,2371,347,1600,423,
2001,秋田県,1184,159,738,288,
2001,山形県,1241,180,769,292,
2001,福島県,2125,333,1350,443,
2001,茨城県,2992,449,2031,512,
2001,栃木県,2010,302,1353,356,
2001,群馬県,2031,303,1348,379,
2001,埼玉県,6978,1019,5014,945,
2001,千葉県,5968,837,4244,887,
2001,東京都,12138,1440,8693,2005,
2001,神奈川県,8570,1194,6139,1238,
2001,新潟県,2473,358,1573,542,
2001,富山県,1121,155,726,240,
2001,石川県,1182,174,781,227,
2001,福井県,830,127,528,175,
2001,山梨県,890,136,576,178,
2001,長野県,2223,331,1405,487,
2001,岐阜県,2111,318,1396,396,
2001,静岡県,3781,558,2533,690,
2001,愛知県,7087,1084,4932,1071,
2001,三重県,1861,278,1221,363,
2001,滋賀県,1353,218,912,223,
2001,京都府,2646,360,1806,479,
2001,大阪府,8818,1250,6186,1382,
2001,兵庫県,5571,820,3772,979,
2001,奈良県,1442,210,983,249,
2001,和歌山県,1066,155,680,232,
2001,鳥取県,613,92,383,138,
2001,島根県,761,109,458,194,
2001,岡山県,1953,287,1260,405,
2001,広島県,2879,421,1910,549,
2001,山口県,1524,209,966,349,
2001,徳島県,822,114,523,185,
2001,香川県,1022,145,657,220,
2001,愛媛県,1491,213,950,328,
2001,高知県,813,110,507,196,
2001,福岡県,5032,732,3399,900,
2001,佐賀県,876,141,552,183,
2001,長崎県,1513,235,954,324,
2001,熊本県,1860,283,1172,406,
2001,大分県,1221,176,772,273,
2001,宮崎県,1169,183,737,248,
2001,鹿児島県,1783,274,1098,411,
2001,沖縄県,1329,262,874,193,
2002,北海道,5670,761,3798,1110,
2002,青森県,1469,213,950,306,
2002,岩手県,1407,203,883,321,
2002,宮城県,2371,341,1594,436,
2002,秋田県,1176,154,728,295,
2002,山形県,1235,177,761,297,
2002,福島県,2120,326,1341,452,
2002,茨城県,2990,440,2023,527,
2002,栃木県,2010,296,1349,365,
2002,群馬県,2032,299,1344,389,
2002,埼玉県,7001,1013,4992,995,
2002,千葉県,5994,832,4230,933,
2002,東京都,12219,1460,8673,2085,
2002,神奈川県,8625,1200,6126,1299,
2002,新潟県,2465,348,1563,554,
2002,富山県,1119,153,720,246,
2002,石川県,1180,172,776,232,
2002,福井県,828,125,524,179,
2002,山梨県,889,134,573,182,
2002,長野県,2217,327,1395,496,
2002,岐阜県,2111,315,1388,409,
2002,静岡県,3786,548,2525,714,
2002,愛知県,7123,1085,4922,1116,
2002,三重県,1861,273,1215,373,
2002,滋賀県,1359,216,913,230,
2002,京都府,2642,358,1789,495,
2002,大阪府,8815,1249,6124,1442,
2002,兵庫県,5578,811,3754,1012,
2002,奈良県,1438,207,973,258,
2002,和歌山県,1061,151,673,237,
2002,鳥取県,612,90,381,141,
2002,島根県,757,105,455,197,
2002,岡山県,1953,284,1253,415,
2002,広島県,2878,415,1899,564,
2002,山口県,1518,206,955,357,
2002,徳島県,820,112,519,189,
2002,香川県,1021,143,653,225,
2002,愛媛県,1486,208,943,336,
2002,高知県,810,108,503,199,
2002,福岡県,5043,724,3391,928,
2002,佐賀県,874,138,549,187,
2002,長崎県,1507,228,949,330,
2002,熊本県,1858,277,1165,416,
2002,大分県,1219,173,767,280,
2002,宮崎県,1167,179,732,255,
2002,鹿児島県,1779,268,1092,419,
2002,沖縄県,1339,259,879,201,
2003,北海道,5659,745,3767,1147,
2003,青森県,1462,207,942,312,
2003,岩手県,1402,199,875,328,
2003,宮城県,2373,335,1589,449,
2003,秋田県,1167,148,720,299,
2003,山形県,1230,171,757,302,
2003,福島県,2113,319,1334,461,
2003,茨城県,2991,432,2018,541,
2003,栃木県,2011,290,1348,373,
2003,群馬県,2034,294,1341,398,
2003,埼玉県,7029,1007,4976,1046,
2003,千葉県,6024,826,4221,977,
2003,東京都,12310,1475,8672,2163,
2003,神奈川県,8687,1205,6123,1359,
2003,新潟県,2460,339,1556,565,
2003,富山県,1117,151,717,250,
2003,石川県,1180,170,774,236,
2003,福井県,827,123,522,182,
2003,山梨県,887,131,570,186,
2003,長野県,2215,320,1389,505,
2003,岐阜県,2111,310,1382,419,
2003,静岡県,3793,537,2520,735,
2003,愛知県,7158,1085,4915,1158,
2003,三重県,1862,269,1212,381,
2003,滋賀県,1366,214,916,236,
2003,京都府,2641,357,1776,508,
2003,大阪府,8816,1245,6074,1497,
2003,兵庫県,5585,803,3741,1042,
2003,奈良県,1436,204,966,266,
2003,和歌山県,1056,147,668,241,
2003,鳥取県,611,87,381,143,
2003,島根県,753,102,452,199,
2003,岡山県,1953,281,1249,423,
2003,広島県,2878,410,1891,578,
2003,山口県,1512,201,948,362,
2003,徳島県,817,110,515,192,
2003,香川県,1020,142,650,228,
2003,愛媛県,1483,203,939,341,
2003,高知県,807,106,500,202,
2003,福岡県,5051,718,3384,950,
2003,佐賀県,872,135,547,190,
2003,長崎県,1501,221,945,336,
2003,熊本県,1855,272,1160,423,
2003,大分県,1218,170,763,285,
2003,宮崎県,1164,174,730,261,
2003,鹿児島県,1775,262,1087,425,
2003,沖縄県,1349,256,883,210,
2004,北海道,5644,732,3737,1175,
2004,青森県,1452,201,936,315,
2004,岩手県,1395,194,867,333,
2004,宮城県,2371,330,1583,458,
2004,秋田県,1159,143,715,302,
2004,山形県,1223,167,752,305,
2004,福島県,2106,312,1328,466,
2004,茨城県,2989,424,2012,553,
2004,栃木県,2013,287,1347,379,
2004,群馬県,2033,290,1338,406,
2004,埼玉県,7047,1000,4954,1093,
2004,千葉県,6039,822,4202,1015,
2004,東京都,12378,1491,8661,2227,
2004,神奈川県,8732,1209,6110,1414,
2004,新潟県,2452,330,1549,573,
2004,富山県,1117,149,714,254,
2004,石川県,1179,168,771,240,
2004,福井県,825,121,521,183,
2004,山梨県,886,129,567,189,
2004,長野県,2211,313,1386,512,
2004,岐阜県,2110,305,1377,428,
2004,静岡県,3795,528,2513,754,
2004,愛知県,7192,1089,4908,1196,
2004,三重県,1864,265,1211,388,
2004,滋賀県,1372,213,919,240,
2004,京都府,2638,355,1765,519,
2004,大阪府,8814,1243,6026,1545,
2004,兵庫県,5587,795,3726,1066,
2004,奈良県,1431,200,958,273,
2004,和歌山県,1050,143,663,244,
2004,鳥取県,609,85,380,144,
2004,島根県,749,98,450,200,
2004,岡山県,1952,278,1245,429,
2004,広島県,2878,406,1884,588,
2004,山口県,1504,197,941,366,
2004,徳島県,813,108,512,194,
2004,香川県,1018,140,647,231,
2004,愛媛県,1477,199,934,344,
2004,高知県,803,104,496,203,
2004,福岡県,5058,712,3375,970,
2004,佐賀県,870,132,545,192,
2004,長崎県,1495,214,940,341,
2004,熊本県,1852,267,1156,429,
2004,大分県,1215,167,759,289,
2004,宮崎県,1162,169,727,265,
2004,鹿児島県,1769,256,1082,430,
2004,沖縄県,1359,253,887,219,
2005,北海道,5628,720,3701,1207,
2005,青森県,1437,199,911,327,
2005,岩手県,1385,191,853,341,
2005,宮城県,2360,327,1562,472,
2005,秋田県,1146,143,695,308,
2005,山形県,1216,167,739,310,
2005,福島県,2091,308,1309,475,
2005,茨城県,2975,423,1975,577,
2005,栃木県,2017,286,1339,392,
2005,群馬県,2024,292,1315,417,
2005,埼玉県,7054,989,4905,1160,
2005,千葉県,6056,822,4170,1064,
2005,東京都,12577,1443,8809,2325,
2005,神奈川県,8792,1190,6115,1487,
2005,新潟県,2431,331,1518,582,
2005,富山県,1112,150,704,259,
2005,石川県,1174,166,762,246,
2005,福井県,822,121,515,186,
2005,山梨県,885,128,563,194,
2005,長野県,2196,317,1357,522,
2005,岐阜県,2107,306,1359,442,
2005,静岡県,3792,538,2475,780,
2005,愛知県,7255,1075,4925,1254,
2005,三重県,1867,267,1199,401,
2005,滋賀県,1380,213,917,250,
2005,京都府,2648,347,1767,534,
2005,大阪府,8817,1219,5953,1645,
2005,兵庫県,5591,797,3681,1113,
2005,奈良県,1421,197,940,284,
2005,和歌山県,1036,143,643,250,
2005,鳥取県,607,85,376,146,
2005,島根県,742,101,440,201,
2005,岡山県,1957,277,1241,440,
2005,広島県,2877,405,1868,603,
2005,山口県,1493,197,922,374,
2005,徳島県,810,106,507,197,
2005,香川県,1012,140,637,236,
2005,愛媛県,1468,200,915,352,
2005,高知県,796,102,487,206,
2005,福岡県,5050,705,3343,1002,
2005,佐賀県,866,132,538,196,
2005,長崎県,1479,216,914,349,
2005,熊本県,1842,264,1140,438,
2005,大分県,1210,165,751,294,
2005,宮崎県,1153,169,713,271,
2005,鹿児島県,1753,252,1066,435,
2005,沖縄県,1362,254,888,219,
2006,北海道,5601,704,3656,1241,
2006,青森県,1423,192,899,331,
2006,岩手県,1375,185,844,346,
2006,宮城県,2355,323,1549,482,
2006,秋田県,1134,138,685,311,
2006,山形県,1208,162,733,313,
2006,福島県,2080,301,1296,482,
2006,茨城県,2972,416,1961,595,
2006,栃木県,2015,282,1331,402,
2006,群馬県,2021,288,1304,429,
2006,埼玉県,7071,983,4863,1225,
2006,千葉県,6074,820,4136,1118,
2006,東京都,12659,1467,8777,2415,
2006,神奈川県,8830,1193,6075,1561,
2006,新潟県,2418,323,1503,592,
2006,富山県,1110,148,697,265,
2006,石川県,1172,164,755,253,
2006,福井県,819,119,511,189,
2006,山梨県,880,125,557,198,
2006,長野県,2189,310,1346,533,
2006,岐阜県,2105,302,1347,455,
2006,静岡県,3797,530,2460,808,
2006,愛知県,7308,1079,4919,1311,
2006,三重県,1873,264,1196,413,
2006,滋賀県,1389,213,918,258,
2006,京都府,2643,348,1743,552,
2006,大阪府,8815,1218,5872,1725,
2006,兵庫県,5590,790,3646,1155,
2006,奈良県,1416,194,926,295,
2006,和歌山県,1028,139,634,255,
2006,鳥取県,604,83,373,149,
2006,島根県,737,98,435,203,
2006,岡山県,1955,274,1229,452,
2006,広島県,2875,401,1851,623,
2006,山口県,1483,193,908,382,
2006,徳島県,805,104,501,201,
2006,香川県,1009,138,630,241,
2006,愛媛県,1460,196,905,360,
2006,高知県,789,100,480,210,
2006,福岡県,5054,702,3319,1033,
2006,佐賀県,863,129,534,200,
2006,長崎県,1466,209,903,355,
2006,熊本県,1836,261,1130,445,
2006,大分県,1206,163,743,300,
2006,宮崎県,1148,165,706,277,
2006,鹿児島県,1743,248,1055,440,
2006,沖縄県,1368,251,891,226,
2007,北海道,5570,689,3608,1274,
2007,青森県,1407,185,886,336,
2007,岩手県,1364,179,834,351,
2007,宮城県,2347,319,1535,493,
2007,秋田県,1121,132,675,314,
2007,山形県,1198,157,726,315,
2007,福島県,2067,294,1283,490,
2007,茨城県,2969,410,1945,614,
2007,栃木県,2014,279,1321,413,
2007,群馬県,2016,283,1292,441,
2007,埼玉県,7090,978,4818,1294,
2007,千葉県,6098,819,4103,1176,
2007,東京都,12758,1494,8756,2509,
2007,神奈川県,8880,1199,6040,1641,
2007,新潟県,2405,315,1488,602,
2007,富山県,1106,145,689,272,
2007,石川県,1170,163,747,261,
2007,福井県,816,118,505,193,
2007,山梨県,877,122,552,202,
2007,長野県,2180,303,1333,545,
2007,岐阜県,2104,298,1337,469,
2007,静岡県,3801,523,2442,835,
2007,愛知県,7360,1083,4908,1368,
2007,三重県,1876,261,1190,425,
2007,滋賀県,1396,212,917,268,
2007,京都府,2635,348,1717,571,
2007,大阪府,8812,1215,5793,1803,
2007,兵庫県,5589,783,3609,1197,
2007,奈良県,1410,192,911,307,
2007,和歌山県,1019,135,624,260,
2007,鳥取県,600,80,369,150,
2007,島根県,731,95,430,206,
2007,岡山県,1953,272,1218,463,
2007,広島県,2873,398,1832,643,
2007,山口県,1474,190,895,389,
2007,徳島県,800,102,494,204,
2007,香川県,1006,137,623,245,
2007,愛媛県,1452,191,895,366,
2007,高知県,782,97,471,213,
2007,福岡県,5056,701,3293,1062,
2007,佐賀県,859,126,531,203,
2007,長崎県,1453,202,891,360,
2007,熊本県,1828,257,1120,452,
2007,大分県,1203,161,736,306,
2007,宮崎県,1143,161,700,282,
2007,鹿児島県,1730,243,1043,444,
2007,沖縄県,1373,248,893,232,
2008,北海道,5535,675,3555,1305,
2008,青森県,1392,179,873,340,
2008,岩手県,1352,174,823,355,
2008,宮城県,2340,317,1520,504,
2008,秋田県,1108,128,665,315,
2008,山形県,1188,152,720,317,
2008,福島県,2052,288,1268,496,
2008,茨城県,2964,404,1928,632,
2008,栃木県,2011,276,1311,424,
2008,群馬県,2012,279,1281,452,
2008,埼玉県,7113,975,4777,1361,
2008,千葉県,6122,820,4069,1233,
2008,東京都,12838,1517,8723,2599,
2008,神奈川県,8917,1202,6000,1715,
2008,新潟県,2391,308,1473,611,
2008,富山県,1101,143,681,278,
2008,石川県,1168,161,739,267,
2008,福井県,812,116,499,197,
2008,山梨県,871,120,545,206,
2008,長野県,2171,297,1319,554,
2008,岐阜県,2100,294,1325,481,
2008,静岡県,3800,516,2424,860,
2008,愛知県,7403,1088,4896,1419,
2008,三重県,1875,258,1183,434,
2008,滋賀県,1402,212,914,276,
2008,京都府,2629,347,1694,588,
2008,大阪府,8806,1213,5725,1868,
2008,兵庫県,5586,778,3576,1233,
2008,奈良県,1404,188,898,318,
2008,和歌山県,1012,132,615,264,
2008,鳥取県,595,78,366,152,
2008,島根県,725,93,424,207,
2008,岡山県,1948,270,1206,473,
2008,広島県,2869,394,1815,660,
2008,山口県,1463,186,883,394,
2008,徳島県,794,100,487,207,
2008,香川県,1003,137,617,249,
2008,愛媛県,1444,188,886,370,
2008,高知県,773,95,464,215,
2008,福岡県,5054,702,3269,1084,
2008,佐賀県,856,124,528,205,
2008,長崎県,1440,195,882,363,
2008,熊本県,1821,254,1110,457,
2008,大分県,1200,160,730,311,
2008,宮崎県,1136,157,693,286,
2008,鹿児島県,1717,239,1031,447,
2008,沖縄県,1376,246,893,237,
2009,北海道,5507,663,3510,1334,
2009,青森県,1379,173,862,344,
2009,岩手県,1340,169,813,359,
2009,宮城県,2336,314,1506,515,
2009,秋田県,1096,123,656,317,
2009,山形県,1179,147,713,319,
2009,福島県,2040,282,1253,504,
2009,茨城県,2960,398,1912,650,
2009,栃木県,2006,273,1298,435,
2009,群馬県,2007,275,1270,463,
2009,埼玉県,7130,969,4734,1427,
2009,千葉県,6139,817,4030,1291,
2009,東京都,12868,1526,8658,2685,
2009,神奈川県,8943,1201,5953,1790,
2009,新潟県,2378,300,1458,620,
2009,富山県,1095,140,671,284,
2009,石川県,1165,159,731,274,
2009,福井県,808,114,493,200,
2009,山梨県,867,117,539,210,
2009,長野県,2159,289,1304,566,
2009,岐阜県,2092,289,1309,493,
2009,静岡県,3792,508,2399,885,
2009,愛知県,7418,1087,4860,1471,
2009,三重県,1870,254,1172,445,
2009,滋賀県,1405,210,910,284,
2009,京都府,2622,346,1670,606,
2009,大阪府,8801,1208,5655,1938,
2009,兵庫県,5583,771,3539,1273,
2009,奈良県,1399,185,885,329,
2009,和歌山県,1004,129,607,268,
2009,鳥取県,591,76,362,153,
2009,島根県,718,91,418,209,
2009,岡山県,1942,267,1191,483,
2009,広島県,2863,391,1795,677,
2009,山口県,1455,183,872,400,
2009,徳島県,789,99,481,210,
2009,香川県,999,135,610,254,
2009,愛媛県,1436,184,876,376,
2009,高知県,766,93,456,218,
2009,福岡県,5053,702,3241,1111,
2009,佐賀県,852,121,524,207,
2009,長崎県,1430,189,873,368,
2009,熊本県,1814,251,1099,463,
2009,大分県,1195,158,721,316,
2009,宮崎県,1132,154,688,290,
2009,鹿児島県,1708,236,1022,450,
2009,沖縄県,1382,245,895,242,
2010,北海道,5506,657,3489,1360,
2010,青森県,1373,172,847,354,
2010,岩手県,1330,169,799,362,
2010,宮城県,2348,308,1515,524,
2010,秋田県,1086,124,641,321,
2010,山形県,1169,150,696,323,
2010,福島県,2029,276,1245,508,
2010,茨城県,2970,400,1902,668,
2010,栃木県,2008,270,1294,443,
2010,群馬県,2008,275,1259,474,
2010,埼玉県,7195,955,4769,1470,
2010,千葉県,6216,806,4071,1339,
2010,東京都,13159,1486,8994,2679,
2010,神奈川県,9048,1190,6028,1830,
2010,新潟県,2374,302,1449,624,
2010,富山県,1093,142,665,286,
2010,石川県,1170,159,733,278,
2010,福井県,806,112,491,203,
2010,山梨県,863,115,535,213,
2010,長野県,2152,296,1286,571,
2010,岐阜県,2081,290,1289,502,
2010,静岡県,3765,512,2356,897,
2010,愛知県,7411,1066,4839,1506,
2010,三重県,1855,253,1151,450,
2010,滋賀県,1411,211,908,292,
2010,京都府,2636,335,1684,617,
2010,大阪府,8865,1172,5708,1985,
2010,兵庫県,5588,761,3537,1290,
2010,奈良県,1401,184,880,336,
2010,和歌山県,1002,128,600,274,
2010,鳥取県,589,78,355,155,
2010,島根県,717,92,417,209,
2010,岡山県,1945,265,1191,489,
2010,広島県,2861,387,1788,686,
2010,山口県,1451,184,861,406,
2010,徳島県,785,97,476,212,
2010,香川県,996,132,606,258,
2010,愛媛県,1431,185,865,382,
2010,高知県,764,93,451,220,
2010,福岡県,5072,686,3254,1132,
2010,佐賀県,850,123,517,209,
2010,長崎県,1427,194,862,371,
2010,熊本県,1817,250,1101,467,
2010,大分県,1197,156,722,319,
2010,宮崎県,1135,159,684,293,
2010,鹿児島県,1706,233,1021,452,
2010,沖縄県,1393,247,904,243,
2011,北海道,5486,650,3455,1382,
2011,青森県,1363,168,840,355,
2011,岩手県,1314,165,791,358,
2011,宮城県,2327,303,1503,520,
2011,秋田県,1075,121,634,319,
2011,山形県,1161,147,693,321,
2011,福島県,1990,263,1225,502,
2011,茨城県,2958,394,1888,676,
2011,栃木県,2000,267,1286,447,
2011,群馬県,2001,272,1250,479,
2011,埼玉県,7207,949,4752,1506,
2011,千葉県,6214,801,4043,1370,
2011,東京都,13196,1491,8992,2713,
2011,神奈川県,9058,1184,6009,1865,
2011,新潟県,2362,297,1441,624,
2011,富山県,1088,140,661,287,
2011,石川県,1166,158,730,279,
2011,福井県,803,111,490,202,
2011,山梨県,857,113,532,213,
2011,長野県,2142,292,1279,571,
2011,岐阜県,2071,287,1280,504,
2011,静岡県,3749,507,2339,903,
2011,愛知県,7416,1063,4824,1530,
2011,三重県,1847,251,1145,451,
2011,滋賀県,1414,211,908,295,
2011,京都府,2632,333,1674,624,
2011,大阪府,8861,1163,5685,2012,
2011,兵庫県,5582,757,3521,1304,
2011,奈良県,1396,182,874,340,
2011,和歌山県,995,126,595,274,
2011,鳥取県,585,77,353,155,
2011,島根県,712,91,414,207,
2011,岡山県,1941,263,1185,493,
2011,広島県,2855,386,1776,693,
2011,山口県,1442,182,853,407,
2011,徳島県,780,95,473,212,
2011,香川県,992,131,602,258,
2011,愛媛県,1423,184,857,382,
2011,高知県,758,91,447,220,
2011,福岡県,5079,687,3248,1144,
2011,佐賀県,847,123,515,209,
2011,長崎県,1417,191,855,371,
2011,熊本県,1813,249,1097,467,
2011,大分県,1191,155,718,319,
2011,宮崎県,1131,157,681,293,
2011,鹿児島県,1699,232,1016,450,
2011,沖縄県,1401,247,912,242,
2012,北海道,5460,640,3398,1422,
2012,青森県,1350,164,822,364,
2012,岩手県,1303,162,777,364,
2012,宮城県,2325,301,1491,534,
2012,秋田県,1063,118,619,326,
2012,山形県,1152,145,681,326,
2012,福島県,1962,252,1198,511,
2012,茨城県,2943,388,1855,701,
2012,栃木県,1992,263,1266,463,
2012,群馬県,1992,267,1229,496,
2012,埼玉県,7212,940,4687,1585,
2012,千葉県,6195,791,3966,1437,
2012,東京都,13230,1494,8924,2812,
2012,神奈川県,9067,1178,5942,1948,
2012,新潟県,2347,292,1415,639,
2012,富山県,1082,138,646,299,
2012,石川県,1163,156,716,291,
2012,福井県,799,109,482,208,
2012,山梨県,852,110,524,218,
2012,長野県,2132,288,1260,585,
2012,岐阜県,2061,283,1258,520,
2012,静岡県,3735,501,2302,932,
2012,愛知県,7427,1056,4780,1591,
2012,三重県,1840,248,1128,465,
2012,滋賀県,1415,210,899,306,
2012,京都府,2625,330,1646,649,
2012,大阪府,8856,1152,5605,2099,
2012,兵庫県,5571,750,3466,1355,
2012,奈良県,1390,179,856,355,
2012,和歌山県,988,124,583,281,
2012,鳥取県,582,77,347,158,
2012,島根県,707,90,405,212,
2012,岡山県,1936,261,1167,507,
2012,広島県,2848,383,1746,719,
2012,山口県,1431,180,833,418,
2012,徳島県,776,94,464,217,
2012,香川県,989,131,591,268,
2012,愛媛県,1415,181,841,393,
2012,高知県,752,89,436,226,
2012,福岡県,5085,687,3212,1186,
2012,佐賀県,843,121,509,214,
2012,長崎県,1408,188,839,380,
2012,熊本県,1807,247,1081,478,
2012,大分県,1185,153,705,327,
2012,宮崎県,1126,156,670,301,
2012,鹿児島県,1690,230,1002,457,
2012,沖縄県,1409,248,911,250,
2013,北海道,5431,630,3332,1469,
2013,青森県,1335,159,804,373,
2013,岩手県,1295,159,764,372,
2013,宮城県,2328,299,1476,553,
2013,秋田県,1050,115,604,331,
2013,山形県,1141,142,668,332,
2013,福島県,1946,246,1176,524,
2013,茨城県,2931,382,1821,728,
2013,栃木県,1986,260,1246,480,
2013,群馬県,1984,262,1209,512,
2013,埼玉県,7222,934,4627,1661,
2013,千葉県,6192,785,3903,1505,
2013,東京都,13300,1503,8883,2914,
2013,神奈川県,9079,1170,5876,2033,
2013,新潟県,2330,287,1388,655,
2013,富山県,1076,135,632,309,
2013,石川県,1159,154,703,302,
2013,福井県,795,108,473,214,
2013,山梨県,847,108,515,225,
2013,長野県,2122,283,1239,600,
2013,岐阜県,2051,279,1233,539,
2013,静岡県,3723,496,2261,966,
2013,愛知県,7443,1049,4732,1662,
2013,三重県,1833,245,1108,480,
2013,滋賀県,1416,209,888,319,
2013,京都府,2617,326,1616,676,
2013,大阪府,8849,1138,5527,2184,
2013,兵庫県,5558,741,3409,1408,
2013,奈良県,1383,176,838,369,
2013,和歌山県,979,121,570,288,
2013,鳥取県,578,76,339,163,
2013,島根県,702,89,396,217,
2013,岡山県,1930,258,1148,524,
2013,広島県,2840,380,1716,743,
2013,山口県,1420,177,814,429,
2013,徳島県,770,93,453,224,
2013,香川県,985,129,579,277,
2013,愛媛県,1405,178,823,404,
2013,高知県,745,88,425,232,
2013,福岡県,5090,687,3173,1230,
2013,佐賀県,840,120,501,219,
2013,長崎県,1397,185,822,390,
2013,熊本県,1801,246,1065,491,
2013,大分県,1178,152,690,337,
2013,宮崎県,1120,155,656,310,
2013,鹿児島県,1680,229,984,467,
2013,沖縄県,1415,249,906,260,
2014,北海道,5400,621,3261,1519,
2014,青森県,1321,155,784,383,
2014,岩手県,1284,156,749,380,
2014,宮城県,2328,297,1458,573,
2014,秋田県,1037,112,587,339,
2014,山形県,1131,139,653,338,
2014,福島県,1935,241,1157,537,
2014,茨城県,2919,376,1789,754,
2014,栃木県,1980,257,1225,498,
2014,群馬県,1976,258,1189,529,
2014,埼玉県,7239,929,4573,1737,
2014,千葉県,6197,778,3848,1571,
2014,東京都,13390,1517,8862,3011,
2014,神奈川県,9096,1161,5820,2115,
2014,新潟県,2313,282,1359,672,
2014,富山県,1070,133,619,318,
2014,石川県,1156,152,691,313,
2014,福井県,790,106,463,220,
2014,山梨県,841,106,504,231,
2014,長野県,2109,278,1216,615,
2014,岐阜県,2041,274,1210,557,
2014,静岡県,3705,488,2219,998,
2014,愛知県,7455,1041,4686,1728,
2014,三重県,1825,241,1089,495,
2014,滋賀県,1416,207,877,332,
2014,京都府,2610,322,1586,701,
2014,大阪府,8836,1122,5446,2267,
2014,兵庫県,5541,732,3349,1460,
2014,奈良県,1376,173,819,383,
2014,和歌山県,971,119,556,296,
2014,鳥取県,574,75,332,167,
2014,島根県,697,88,387,221,
2014,岡山県,1924,256,1129,540,
2014,広島県,2833,378,1687,769,
2014,山口県,1408,174,793,441,
2014,徳島県,764,91,442,230,
2014,香川県,981,128,567,286,
2014,愛媛県,1395,176,804,415,
2014,高知県,738,86,414,237,
2014,福岡県,5091,687,3126,1279,
2014,佐賀県,835,118,491,225,
2014,長崎県,1386,183,803,401,
2014,熊本県,1794,244,1046,504,
2014,大分県,1171,150,674,347,
2014,宮崎県,1114,153,642,319,
2014,鹿児島県,1668,227,963,478,
2014,沖縄県,1421,249,903,270,
2015,北海道,5382,609,3207,1565,
2015,青森県,1308,149,765,394,
2015,岩手県,1280,151,740,389,
2015,宮城県,2334,289,1445,600,
2015,秋田県,1023,106,571,346,
2015,山形県,1124,136,642,346,
2015,福島県,1914,230,1135,549,
2015,茨城県,2917,366,1771,780,
2015,栃木県,1974,253,1210,511,
2015,群馬県,1973,251,1176,545,
2015,埼玉県,7267,914,4549,1804,
2015,千葉県,6223,768,3844,1611,
2015,東京都,13515,1523,8926,3066,
2015,神奈川県,9126,1145,5803,2178,
2015,新潟県,2304,276,1340,688,
2015,富山県,1066,129,611,326,
2015,石川県,1154,149,684,321,
2015,福井県,787,104,458,225,
2015,山梨県,835,103,495,237,
2015,長野県,2099,270,1197,631,
2015,岐阜県,2032,268,1193,571,
2015,静岡県,3700,479,2192,1029,
2015,愛知県,7483,1025,4676,1782,
2015,三重県,1816,234,1074,507,
2015,滋賀県,1413,204,867,341,
2015,京都府,2610,316,1576,719,
2015,大阪府,8839,1098,5423,2319,
2015,兵庫県,5535,710,3322,1502,
2015,奈良県,1364,170,803,392,
2015,和歌山県,964,117,549,298,
2015,鳥取県,573,74,329,170,
2015,島根県,694,87,382,225,
2015,岡山県,1922,250,1121,551,
2015,広島県,2844,376,1684,783,
2015,山口県,1405,170,784,451,
2015,徳島県,756,87,434,234,
2015,香川県,976,124,560,292,
2015,愛媛県,1385,170,791,424,
2015,高知県,728,84,405,240,
2015,福岡県,5102,678,3102,1321,
2015,佐賀県,833,116,486,231,
2015,長崎県,1377,178,791,408,
2015,熊本県,1786,241,1031,514,
2015,大分県,1166,147,664,355,
2015,宮崎県,1104,150,628,326,
2015,鹿児島県,1648,222,941,485,
2015,沖縄県,1434,248,903,282,
